club,name,position,cost,matches_played,goals,assists,yellow_cards,red_cards,penalty_attempted,penalty_scored,penalty_saved,avg_rating,magic_avg_rating,magic_total_points
inter,Skriniar M.,DF,20,32.0,3.0,0.0,1.0,0.0,0.0,0.0,0.0,6.28,6.68,12.8
torino,Bremer G.,DF,21,33.0,5.0,0.0,2.0,0.0,0.0,0.0,0.0,6.21,6.86,21.5
genoa,Caso G.,T,2,1.0,0.0,0.0,0.0,0.0,0.0,0.0,0.0,6.5,6.5,0.0
verona,Cetin M.,DF,4,5.0,0.0,0.0,1.0,0.0,0.0,0.0,0.0,5.75,5.66,-0.5
cagliari,Tramoni M.,MF,1,2.0,0.0,0.0,0.0,0.0,0.0,0.0,0.0,5.75,5.75,0.0
milan,Tomori F.,DF,14,17.0,1.0,0.0,0.0,0.0,0.0,0.0,0.0,6.2,6.47,4.6
verona,Lazovic D.,MF,20,31.0,3.0,6.0,3.0,0.0,0.0,0.0,0.0,6.03,6.56,16.5
fiorentina,Eysseric V.,T,10,13.0,2.0,0.0,2.0,0.0,0.0,0.0,0.0,5.69,6.23,7.0
sampdoria,Rocha K.,DF,1,0.0,0.0,0.0,0.0,0.0,0.0,0.0,0.0,0.0,0.0,0.0
udinese,Prodl S.,DF,4,0.0,0.0,0.0,0.0,0.0,0.0,0.0,0.0,0.0,0.0,0.0
roma,Kumbulla M.,DF,12,18.0,1.0,0.0,7.0,0.0,0.0,0.0,0.0,5.83,5.88,0.9
genoa,Goldaniga E.,DF,9,24.0,0.0,1.0,8.0,0.0,0.0,0.0,0.0,5.89,5.77,-2.9
parma,Brunetta J.,T,13,11.0,1.0,2.0,3.0,0.0,0.0,0.0,0.0,5.59,6.0,4.5
juventus,Pinsoglio C.,GK,2,0.0,0.0,0.0,0.0,0.0,0.0,0.0,0.0,6.0,5.0,-1.0
napoli,Ghoulam F.,DF,12,6.0,0.0,0.0,1.0,0.0,0.0,0.0,0.0,5.85,5.78,-0.5
bologna,Rabbi S.,FW,1,0.0,0.0,0.0,0.0,0.0,0.0,0.0,0.0,0.0,0.0,0.0
sassuolo,Boga J.,T,23,26.0,4.0,1.0,0.0,0.0,0.0,0.0,0.0,5.88,6.38,13.0
udinese,Llorente F.,FW,12,15.0,1.0,0.0,2.0,0.0,0.0,0.0,0.0,5.63,5.76,1.9
milan,Calabria D.,DF,15,31.0,2.0,1.0,7.0,0.0,0.0,0.0,0.0,6.3,6.45,4.7
lazio,Moro R.,FW,1,0.0,0.0,0.0,0.0,0.0,0.0,0.0,0.0,0.0,0.0,0.0
udinese,Scuffet S.,GK,1,1.0,0.0,0.0,0.0,0.0,0.0,0.0,0.0,5.0,3.0,-2.0
spezia,Rafael A.,GK,2,3.0,0.0,1.0,0.0,0.0,0.0,0.0,0.0,6.83,5.5,-4.0
torino,Linetty K.,MF,10,25.0,1.0,0.0,5.0,0.0,0.0,0.0,0.0,5.46,5.52,1.5
genoa,Radovanovic I.,MF,7,30.0,0.0,0.0,5.0,0.0,0.0,0.0,0.0,5.73,5.65,-2.4
sassuolo,Traore H.,T,18,32.0,5.0,2.0,6.0,0.0,0.0,0.0,0.0,6.1,6.7,19.2
benevento,Manfredini N.,GK,1,1.0,0.0,0.0,0.0,0.0,0.0,0.0,0.0,5.0,4.0,-1.0
fiorentina,Caceres M.,DF,12,26.0,2.0,1.0,4.0,0.0,0.0,0.0,0.0,5.67,5.98,8.1
lazio,Alia M.,GK,1,0.0,0.0,0.0,0.0,0.0,0.0,0.0,0.0,0.0,0.0,0.0
crotone,Riviere E.,FW,11,13.0,1.0,1.0,2.0,0.0,0.0,0.0,0.0,5.53,5.76,3.0
bologna,Da Costa A.,GK,3,6.0,0.0,0.0,2.0,0.0,0.0,0.0,0.0,5.58,3.91,-10.0
torino,Milinkovic V.,GK,4,5.0,0.0,0.0,0.0,0.0,0.0,0.0,0.0,5.58,4.41,-7.0
cagliari,Asamoah K.,DF,7,7.0,0.0,0.0,0.0,0.0,0.0,0.0,0.0,5.57,5.57,0.0
fiorentina,Montiel T.,T,1,0.0,0.0,0.0,0.0,0.0,0.0,0.0,0.0,0.0,0.0,0.0
lazio,Radu S.,DF,11,31.0,0.0,3.0,2.0,0.0,0.0,0.0,0.0,5.8,5.87,2.2
lazio,Luiz Felipe R.,DF,9,14.0,0.0,0.0,5.0,0.0,0.0,0.0,0.0,5.78,5.6,-2.5
crotone,Vulic M.,MF,10,23.0,1.0,0.0,2.0,0.0,0.0,0.0,0.0,5.82,5.95,3.0
napoli,Manolas K.,DF,14,28.0,0.0,0.0,5.0,0.0,0.0,0.0,0.0,5.98,5.89,-2.6
atalanta,Freuler R.,MF,23,33.0,2.0,3.0,4.0,0.0,0.0,0.0,0.0,6.57,6.84,8.9
juventus,Bentancur R.,MF,12,31.0,0.0,3.0,6.0,1.0,0.0,0.0,0.0,5.93,5.9,-0.9
benevento,Barba F.,DF,6,31.0,0.0,2.0,8.0,0.0,0.0,0.0,0.0,5.74,5.61,-4.0
napoli,Lobotka S.,MF,10,4.0,0.0,0.0,1.0,0.0,0.0,0.0,0.0,5.75,5.62,-0.5
spezia,Pobega T.,MF,18,20.0,6.0,0.0,6.0,0.0,0.0,0.0,0.0,5.92,6.97,21.0
benevento,Caldirola L.,DF,9,21.0,2.0,0.0,4.0,1.0,0.0,0.0,0.0,5.71,6.0,6.1
benevento,Tello A.,MF,8,10.0,1.0,0.0,1.0,0.0,0.0,0.0,0.0,5.85,6.2,3.5
napoli,Rrahmani A.,DF,14,14.0,1.0,0.0,2.0,0.0,0.0,0.0,0.0,6.1,6.35,3.5
sampdoria,Yoshida M.,DF,13,29.0,1.0,2.0,4.0,0.0,0.0,0.0,0.0,5.96,6.12,4.7
juventus,Cuadrado J.,DF,23,29.0,2.0,9.0,9.0,1.0,1.0,1.0,0.0,6.32,6.75,12.5
milan,Gabbia M.,DF,5,7.0,0.0,0.0,2.0,0.0,0.0,0.0,0.0,6.07,5.92,-1.1
sassuolo,Romagna F.,DF,5,0.0,0.0,0.0,0.0,0.0,0.0,0.0,0.0,0.0,0.0,0.0
sampdoria,Quagliarella F.,FW,29,31.0,13.0,0.0,1.0,0.0,3.0,2.0,1.0,6.04,7.19,35.7
parma,Zirkzee J.,FW,15,3.0,0.0,0.0,0.0,0.0,0.0,0.0,0.0,5.5,5.5,0.0
cagliari,Carboni A.,DF,6,14.0,0.0,1.0,2.0,0.0,0.0,0.0,0.0,5.71,5.71,0.0
sassuolo,Oddei B.,T,3,1.0,0.0,1.0,0.0,0.0,0.0,0.0,0.0,6.0,6.66,2.0
inter,Barella N.,MF,24,36.0,3.0,4.0,5.0,0.0,0.0,0.0,0.0,6.52,6.9,13.7
inter,Sensi S.,MF,14,16.0,0.0,0.0,1.0,1.0,0.0,0.0,0.0,6.06,5.96,-1.6
genoa,Shomurodov E.,FW,22,30.0,8.0,1.0,1.0,0.0,0.0,0.0,0.0,5.96,6.78,24.6
parma,Valenti L.,DF,7,9.0,0.0,0.0,0.0,0.0,0.0,0.0,0.0,5.77,5.77,0.0
benevento,Foulon D.,DF,4,19.0,0.0,0.0,4.0,0.0,0.0,0.0,0.0,5.57,5.36,-4.0
lazio,Strakosha T.,GK,18,9.0,0.0,0.0,1.0,0.0,0.0,0.0,0.0,6.05,4.44,-14.5
udinese,Pereyra R.,MF,20,34.0,5.0,5.0,8.0,0.0,1.0,1.0,0.0,6.17,6.79,21.1
crotone,Crespi G.,GK,3,1.0,0.0,0.0,0.0,0.0,0.0,0.0,0.0,7.0,7.0,0.0
verona,Salcedo E.,FW,14,16.0,2.0,0.0,3.0,0.0,0.0,0.0,0.0,5.84,6.12,4.5
milan,Krunic R.,MF,11,17.0,1.0,2.0,2.0,0.0,0.0,0.0,0.0,5.76,6.05,5.0
spezia,Farias D.,T,14,26.0,4.0,2.0,5.0,0.0,0.0,0.0,0.0,5.79,6.22,11.6
udinese,Nestorovski I.,FW,14,13.0,2.0,1.0,0.0,0.0,0.0,0.0,0.0,5.85,6.35,7.0
torino,Izzo A.,DF,18,25.0,2.0,0.0,3.0,0.0,0.0,0.0,0.0,6.4,6.7,7.5
lazio,Cataldi D.,MF,7,13.0,0.0,0.0,4.0,0.0,0.0,0.0,0.0,5.46,5.3,-2.1
fiorentina,Bonaventura G.,MF,17,32.0,3.0,2.0,5.0,0.0,0.0,0.0,0.0,5.87,6.23,11.6
parma,Kucka J.,MF,24,28.0,7.0,2.0,8.0,0.0,4.0,4.0,0.0,6.03,6.96,26.1
spezia,Mattiello F.,DF,6,1.0,0.0,0.0,0.0,0.0,0.0,0.0,0.0,5.5,5.5,0.0
verona,Lasagna K.,FW,15,34.0,4.0,0.0,1.0,0.0,0.0,0.0,0.0,5.64,5.98,11.5
inter,Padelli D.,GK,2,1.0,0.0,0.0,0.0,0.0,0.0,0.0,0.0,6.0,5.0,-1.0
fiorentina,Milenkovic N.,DF,13,34.0,3.0,0.0,7.0,1.0,0.0,0.0,0.0,5.76,6.02,8.9
bologna,Schouten J.,MF,11,34.0,1.0,1.0,8.0,1.0,0.0,0.0,0.0,6.05,6.05,0.0
cagliari,Cragno A.,GK,20,34.0,0.0,0.0,1.0,0.0,0.0,0.0,0.0,6.35,4.77,-53.7
parma,Dierckx D.,DF,1,7.0,0.0,0.0,1.0,0.0,0.0,0.0,0.0,5.42,5.35,-0.4
genoa,Cleonise D.,T,1,0.0,0.0,0.0,0.0,0.0,0.0,0.0,0.0,0.0,0.0,0.0
fiorentina,Biraghi C.,DF,12,35.0,1.0,5.0,8.0,0.0,0.0,0.0,0.0,5.85,6.01,5.6
verona,Vieira R.,MF,7,4.0,0.0,0.0,1.0,0.0,0.0,0.0,0.0,6.12,6.0,-0.5
roma,Perez C.,T,16,15.0,2.0,1.0,0.0,0.0,0.0,0.0,0.0,5.78,6.21,6.9
bologna,Farago P.,DF,7,6.0,0.0,0.0,2.0,0.0,0.0,0.0,0.0,5.58,5.41,-1.0
atalanta,Kovalenko V.,T,13,0.0,0.0,0.0,0.0,0.0,0.0,0.0,0.0,0.0,0.0,0.0
crotone,Di Carmine S.,FW,12,18.0,0.0,0.0,2.0,0.0,0.0,0.0,0.0,5.61,5.55,-1.1
bologna,Baldursson A.,MF,1,4.0,0.0,0.0,1.0,0.0,0.0,0.0,0.0,5.7,5.5,-1.0
cagliari,Rugani D.,DF,12,12.0,1.0,1.0,2.0,0.0,0.0,0.0,0.0,5.83,6.2,4.4
lazio,Fares M.,DF,6,21.0,0.0,1.0,5.0,0.0,0.0,0.0,0.0,5.38,5.3,-1.7
fiorentina,Amrabat S.,MF,12,29.0,0.0,0.0,7.0,0.0,0.0,0.0,0.0,5.91,5.79,-3.5
verona,Dawidowicz P.,DF,7,27.0,0.0,0.0,8.0,0.0,0.0,0.0,0.0,5.85,5.7,-4.1
parma,Brugman G.,MF,13,24.0,1.0,1.0,7.0,0.0,0.0,0.0,0.0,6.08,6.14,1.5
bologna,Orsolini R.,T,23,32.0,7.0,3.0,0.0,0.0,3.0,3.0,0.0,5.9,6.65,24.0
sassuolo,Marlon -.,DF,7,22.0,0.0,0.0,4.0,1.0,0.0,0.0,0.0,5.79,5.65,-3.1
udinese,Rodrigo Becao N.,DF,11,33.0,1.0,0.0,5.0,0.0,0.0,0.0,0.0,5.81,5.87,2.0
sampdoria,Thorsby M.,MF,14,33.0,3.0,1.0,10.0,0.0,0.0,0.0,0.0,6.06,6.3,7.9
benevento,Gori P.,GK,1,0.0,0.0,0.0,0.0,0.0,0.0,0.0,0.0,0.0,0.0,0.0
genoa,Zapata C.,DF,7,12.0,0.0,0.0,2.0,0.0,0.0,0.0,0.0,5.83,5.75,-1.0
verona,Udogie D.,DF,1,5.0,0.0,0.0,1.0,0.0,0.0,0.0,0.0,5.9,5.8,-0.5
fiorentina,Venuti L.,DF,8,24.0,0.0,1.0,2.0,0.0,0.0,0.0,0.0,5.79,5.7,-2.2
atalanta,Ilicic J.,T,30,28.0,6.0,9.0,2.0,0.0,2.0,2.0,0.0,6.19,7.12,26.1
spezia,Bastoni S.,DF,10,21.0,1.0,6.0,7.0,0.0,0.0,0.0,0.0,6.02,6.35,7.0
lazio,Lazzari M.,DF,16,32.0,2.0,4.0,2.0,1.0,0.0,0.0,0.0,6.04,6.32,8.9
juventus,Alex Sandro L.,DF,18,24.0,2.0,1.0,2.0,0.0,0.0,0.0,0.0,6.0,6.29,7.0
torino,Lyanco S.,DF,5,23.0,0.0,0.0,8.0,0.0,0.0,0.0,0.0,5.63,5.45,-4.1
milan,Hauge J.,T,14,12.0,2.0,0.0,0.0,0.0,0.0,0.0,0.0,6.0,6.5,6.0
verona,Ceccherini F.,DF,10,27.0,0.0,0.0,10.0,0.0,0.0,0.0,0.0,5.98,5.72,-7.1
genoa,Melegoni F.,MF,6,9.0,0.0,0.0,1.0,0.0,0.0,0.0,0.0,5.83,5.77,-0.6
atalanta,Radunovic B.,GK,1,0.0,0.0,0.0,0.0,0.0,0.0,0.0,0.0,0.0,0.0,0.0
inter,Vecino M.,MF,15,6.0,1.0,1.0,0.0,0.0,0.0,0.0,0.0,6.33,7.16,5.0
juventus,Buffon G.,GK,11,8.0,0.0,0.0,0.0,0.0,0.0,0.0,0.0,6.5,6.25,-2.0
atalanta,Toloi R.,DF,15,31.0,2.0,0.0,10.0,0.0,0.0,0.0,0.0,6.03,6.16,4.1
lazio,Caicedo F.,FW,23,22.0,8.0,0.0,5.0,0.0,1.0,1.0,0.0,6.18,7.15,21.3
milan,Kessie F.,MF,33,37.0,13.0,4.0,8.0,0.0,13.0,11.0,2.0,6.52,7.77,46.3
verona,Magnani G.,DF,9,23.0,0.0,0.0,8.0,0.0,0.0,0.0,0.0,6.13,5.86,-6.2
verona,Tameze A.,MF,11,32.0,1.0,0.0,6.0,0.0,0.0,0.0,0.0,6.04,6.07,0.9
torino,Bonazzoli F.,FW,16,15.0,2.0,3.0,1.0,0.0,0.0,0.0,0.0,5.76,6.33,8.6
inter,Brozovic M.,MF,18,33.0,2.0,6.0,7.0,1.0,0.0,0.0,0.0,6.03,6.31,9.2
cagliari,Klavan R.,DF,6,12.0,0.0,0.0,1.0,0.0,0.0,0.0,0.0,5.54,5.5,-0.5
parma,Karamoh Y.,T,11,21.0,2.0,1.0,1.0,0.0,0.0,0.0,0.0,5.59,5.9,6.5
lazio,Luis Alberto R.,MF,28,34.0,9.0,0.0,5.0,0.0,0.0,0.0,0.0,6.13,7.11,33.3
parma,Nicolussi Caviglia H.,MF,3,0.0,0.0,0.0,0.0,0.0,0.0,0.0,0.0,0.0,0.0,0.0
milan,Romagnoli A.,DF,14,22.0,1.0,1.0,7.0,0.0,0.0,0.0,0.0,5.9,6.0,2.2
bologna,Ravaglia F.,GK,2,4.0,0.0,0.0,0.0,0.0,0.0,0.0,0.0,5.62,3.12,-10.0
fiorentina,Rosati A.,GK,1,0.0,0.0,0.0,0.0,0.0,0.0,0.0,0.0,0.0,0.0,0.0
bologna,Soriano R.,MF,26,37.0,9.0,4.0,5.0,0.0,0.0,0.0,0.0,6.35,7.36,37.3
sampdoria,Colley O.,DF,14,29.0,2.0,0.0,6.0,0.0,0.0,0.0,0.0,6.01,6.22,6.1
cagliari,Nandez N.,MF,18,32.0,2.0,3.0,7.0,1.0,0.0,0.0,0.0,6.14,6.34,6.4
sassuolo,Consigli A.,GK,20,37.0,0.0,0.0,1.0,0.0,0.0,0.0,0.0,6.37,4.93,-53.3
sassuolo,Berardi D.,T,39,30.0,17.0,7.0,4.0,0.0,8.0,7.0,1.0,6.45,8.21,52.8
bologna,Medel G.,MF,9,10.0,0.0,1.0,1.0,0.0,0.0,0.0,0.0,5.77,5.81,0.4
parma,Osorio Y.,DF,8,23.0,0.0,0.0,2.0,0.0,0.0,0.0,0.0,5.73,5.69,-0.9
bologna,Dominguez N.,MF,10,25.0,1.0,0.0,8.0,0.0,0.0,0.0,0.0,5.82,5.82,0.0
benevento,Viola N.,MF,19,17.0,5.0,1.0,1.0,0.0,4.0,4.0,0.0,6.0,7.2,20.4
benevento,Iago F.,T,19,9.0,1.0,1.0,0.0,0.0,0.0,0.0,0.0,6.0,6.44,4.0
roma,Reynolds B.,DF,7,5.0,0.0,0.0,0.0,0.0,0.0,0.0,0.0,5.1,5.1,0.0
inter,Handanovic S.,GK,23,37.0,0.0,0.0,1.0,0.0,0.0,0.0,0.0,6.0,5.22,-28.9
roma,Villar G.,MF,8,28.0,0.0,1.0,7.0,0.0,0.0,0.0,0.0,5.94,5.85,-2.5
udinese,Walace -.,MF,8,29.0,0.0,0.0,4.0,0.0,0.0,0.0,0.0,5.77,5.7,-2.0
atalanta,Muriel L.,FW,41,32.0,22.0,7.0,0.0,0.0,3.0,2.0,1.0,6.57,8.76,70.1
atalanta,Miranchuk A.,T,24,15.0,4.0,0.0,0.0,0.0,0.0,0.0,0.0,6.03,7.03,16.0
sassuolo,Turati S.,GK,2,0.0,0.0,0.0,0.0,0.0,0.0,0.0,0.0,0.0,0.0,0.0
genoa,Pellegrini L.,DF,10,11.0,0.0,1.0,2.0,0.0,0.0,0.0,0.0,5.72,5.54,-2.0
roma,Pellegrini L.,MF,26,33.0,7.0,5.0,10.0,0.0,1.0,1.0,0.0,6.27,7.12,28.1
parma,Iacoponi S.,DF,7,15.0,0.0,0.0,3.0,1.0,0.0,0.0,0.0,5.76,5.33,-6.4
udinese,Deulofeu G.,T,20,11.0,1.0,1.0,0.0,0.0,0.0,0.0,0.0,6.04,6.4,4.0
crotone,Rojas L.,T,1,2.0,0.0,0.0,0.0,0.0,0.0,0.0,0.0,5.5,5.5,0.0
udinese,Arslan T.,MF,13,28.0,3.0,0.0,9.0,0.0,0.0,0.0,0.0,5.92,6.19,7.5
parma,Mihaila V.,T,12,15.0,3.0,0.0,2.0,0.0,0.0,0.0,0.0,6.0,6.53,8.0
roma,Darboe E.,MF,5,4.0,0.0,0.0,2.0,0.0,0.0,0.0,0.0,5.87,5.62,-1.0
benevento,Dabo B.,MF,9,18.0,0.0,0.0,4.0,0.0,0.0,0.0,0.0,5.77,5.66,-2.0
sassuolo,Obiang P.,MF,9,26.0,0.0,1.0,4.0,1.0,0.0,0.0,0.0,5.9,5.82,-2.1
inter,Eriksen C.,T,24,24.0,3.0,0.0,1.0,0.0,0.0,0.0,0.0,6.06,6.54,11.6
udinese,Bonifazi K.,DF,9,28.0,0.0,0.0,4.0,0.0,0.0,0.0,0.0,5.89,5.82,-1.9
benevento,Tuia A.,DF,8,27.0,1.0,0.0,6.0,0.0,0.0,0.0,0.0,5.74,5.79,1.3
sampdoria,Regini V.,DF,3,1.0,0.0,0.0,0.0,0.0,0.0,0.0,0.0,4.0,2.0,-2.0
roma,Mayoral B.,FW,22,23.0,10.0,3.0,1.0,0.0,0.0,0.0,0.0,5.86,7.28,32.6
roma,Zaniolo N.,T,25,0.0,0.0,0.0,0.0,0.0,0.0,0.0,0.0,0.0,0.0,0.0
lazio,Immobile C.,FW,39,35.0,20.0,4.0,3.0,1.0,8.0,4.0,4.0,6.2,7.61,49.4
bologna,De Silvestri L.,DF,12,28.0,2.0,0.0,4.0,0.0,0.0,0.0,0.0,5.82,6.07,7.0
genoa,Ebongue S.,MF,1,2.0,0.0,0.0,0.0,0.0,0.0,0.0,0.0,6.0,6.0,0.0
torino,Sanabria A.,FW,18,14.0,5.0,1.0,2.0,0.0,0.0,0.0,0.0,5.92,7.0,15.1
spezia,Verde D.,T,21,19.0,6.0,1.0,0.0,0.0,0.0,0.0,0.0,6.0,7.0,19.0
sampdoria,Keita B.,FW,20,22.0,7.0,1.0,4.0,1.0,0.0,0.0,0.0,5.95,6.81,18.9
bologna,Vignato E.,T,14,25.0,1.0,4.0,4.0,0.0,0.0,0.0,0.0,6.0,6.2,5.0
cagliari,Nainggolan R.,MF,19,23.0,1.0,0.0,5.0,0.0,0.0,0.0,0.0,6.08,6.15,1.7
genoa,Ghiglione P.,DF,9,23.0,0.0,4.0,4.0,0.0,0.0,0.0,0.0,5.78,5.86,1.9
cagliari,Walukiewicz S.,DF,7,19.0,0.0,1.0,1.0,0.0,0.0,0.0,0.0,5.76,5.78,0.4
inter,Pinamonti A.,FW,13,5.0,1.0,0.0,0.0,0.0,0.0,0.0,0.0,5.7,6.3,3.0
spezia,Sala J.,DF,4,6.0,0.0,0.0,1.0,0.0,0.0,0.0,0.0,5.25,5.16,-0.5
bologna,Santander F.,FW,10,2.0,0.0,1.0,0.0,0.0,0.0,0.0,0.0,5.5,6.0,1.0
benevento,Moncini G.,FW,11,6.0,0.0,0.0,0.0,0.0,0.0,0.0,0.0,5.83,5.83,0.0
juventus,Szczesny W.,GK,24,30.0,0.0,1.0,0.0,0.0,0.0,0.0,0.0,6.31,5.48,-24.9
verona,Faraoni D.,DF,23,34.0,4.0,5.0,8.0,0.0,0.0,0.0,0.0,6.11,6.67,19.1
torino,Ferigra E.,DF,1,0.0,0.0,0.0,0.0,0.0,0.0,0.0,0.0,0.0,0.0,0.0
parma,Hernani A.,MF,18,31.0,7.0,3.0,11.0,0.0,1.0,1.0,0.0,5.8,6.62,25.4
cagliari,Calabresi A.,DF,3,1.0,0.0,0.0,0.0,0.0,0.0,0.0,0.0,6.0,6.0,0.0
genoa,Portanova M.,MF,4,5.0,0.0,0.0,1.0,0.0,0.0,0.0,0.0,5.9,5.8,-0.5
milan,Leao R.,FW,18,29.0,6.0,6.0,4.0,0.0,0.0,0.0,0.0,5.94,6.7,22.0
parma,Zagaritis V.,DF,5,2.0,0.0,0.0,0.0,0.0,0.0,0.0,0.0,5.75,5.75,0.0
juventus,De Ligt M.,DF,18,25.0,1.0,1.0,4.0,0.0,0.0,0.0,0.0,6.16,6.3,3.5
roma,Fuzato D.,GK,5,5.0,0.0,0.0,0.0,0.0,0.0,0.0,0.0,6.3,4.9,-7.0
sampdoria,Audero E.,GK,20,37.0,0.0,1.0,0.0,0.0,0.0,0.0,0.0,6.32,5.05,-46.9
spezia,Estevez N.,MF,10,26.0,0.0,3.0,7.0,0.0,0.0,0.0,0.0,5.92,5.9,-0.5
verona,Zaccagni M.,T,19,35.0,5.0,5.0,6.0,0.0,1.0,1.0,0.0,6.25,6.88,22.0
benevento,Ionita A.,MF,13,36.0,2.0,0.0,6.0,0.0,0.0,0.0,0.0,5.73,5.87,5.0
milan,Kalulu P.,DF,6,10.0,1.0,0.0,1.0,0.0,0.0,0.0,0.0,6.0,6.4,4.0
udinese,Jajalo M.,MF,7,1.0,0.0,0.0,0.0,0.0,0.0,0.0,0.0,5.0,5.0,0.0
milan,Tatarusanu C.,GK,1,1.0,0.0,0.0,0.0,0.0,0.0,0.0,0.0,5.0,2.0,-3.0
cagliari,Sottil R.,T,13,20.0,2.0,1.0,3.0,0.0,0.0,0.0,0.0,5.97,6.35,7.6
lazio,Parolo M.,MF,11,13.0,0.0,2.0,4.0,0.0,0.0,0.0,0.0,5.8,5.8,0.0
parma,Gagliolo R.,DF,13,26.0,2.0,0.0,6.0,0.0,0.0,0.0,0.0,5.75,5.98,6.0
roma,Pedro -.,T,19,26.0,5.0,2.0,3.0,1.0,0.0,0.0,0.0,5.8,6.36,14.6
juventus,Dragusin R.,DF,1,0.0,0.0,0.0,0.0,0.0,0.0,0.0,0.0,0.0,0.0,0.0
verona,Kalinic N.,FW,15,18.0,2.0,0.0,2.0,0.0,0.0,0.0,0.0,5.75,6.02,4.9
verona,Silvestri M.,GK,16,34.0,0.0,0.0,1.0,0.0,0.0,0.0,0.0,6.2,4.92,-43.5
spezia,Chabot J.,DF,6,22.0,1.0,1.0,9.0,1.0,0.0,0.0,0.0,5.56,5.56,0.0
cagliari,Lykogiannis C.,DF,12,30.0,4.0,2.0,6.0,2.0,0.0,0.0,0.0,5.65,6.15,15.0
spezia,Zoet J.,GK,10,7.0,0.0,0.0,1.0,0.0,0.0,0.0,0.0,6.14,4.35,-12.5
torino,Rodriguez R.,DF,8,16.0,0.0,0.0,1.0,0.0,0.0,0.0,0.0,5.56,5.53,-0.5
napoli,Elmas E.,MF,13,17.0,2.0,0.0,2.0,0.0,0.0,0.0,0.0,5.73,6.14,7.0
milan,Dalot D.,DF,11,18.0,1.0,1.0,4.0,0.0,0.0,0.0,0.0,5.83,6.02,3.5
bologna,Juwara M.,T,5,3.0,0.0,0.0,1.0,0.0,0.0,0.0,0.0,6.16,6.0,-0.5
juventus,Arthur -.,MF,16,19.0,1.0,0.0,3.0,0.0,0.0,0.0,0.0,5.81,5.94,2.5
sassuolo,Haraslin L.,T,8,11.0,0.0,0.0,1.0,1.0,0.0,0.0,0.0,5.72,5.59,-1.4
lazio,Leiva L.,MF,11,32.0,0.0,0.0,10.0,0.0,0.0,0.0,0.0,5.82,5.67,-4.8
sassuolo,Raspadori G.,FW,22,20.0,6.0,0.0,1.0,0.0,0.0,0.0,0.0,6.22,7.1,17.6
sampdoria,La Gumina A.,FW,7,6.0,0.0,0.0,0.0,0.0,0.0,0.0,0.0,5.66,5.66,0.0
parma,Sepe L.,GK,8,36.0,0.0,0.0,0.0,0.0,0.0,0.0,0.0,5.95,3.84,-76.0
inter,Lukaku R.,FW,47,35.0,24.0,10.0,4.0,0.0,6.0,6.0,0.0,6.7,8.98,79.8
fiorentina,Dragowski B.,GK,18,36.0,0.0,0.0,0.0,0.0,0.0,0.0,0.0,6.23,4.87,-49.0
torino,Vojvoda M.,DF,11,19.0,2.0,2.0,4.0,0.0,0.0,0.0,0.0,5.76,6.23,9.0
inter,Radu I.,GK,3,2.0,0.0,0.0,0.0,0.0,0.0,0.0,0.0,6.0,5.5,-1.0
sampdoria,Ekdal A.,MF,13,29.0,2.0,1.0,9.0,0.0,0.0,0.0,0.0,5.94,6.1,4.6
verona,Sturaro S.,MF,9,15.0,1.0,0.0,6.0,0.0,0.0,0.0,0.0,5.76,5.83,1.1
crotone,Mazzotta A.,DF,4,1.0,0.0,0.0,1.0,0.0,0.0,0.0,0.0,4.0,3.5,-0.5
udinese,Gasparini M.,GK,1,0.0,0.0,0.0,0.0,0.0,0.0,0.0,0.0,0.0,0.0,0.0
roma,Cristante B.,MF,14,31.0,1.0,1.0,7.0,0.0,0.0,0.0,0.0,6.01,6.0,-0.3
udinese,Pussetto I.,T,17,11.0,3.0,1.0,2.0,0.0,0.0,0.0,0.0,6.22,7.04,9.0
benevento,Antei L.,DF,3,0.0,0.0,0.0,0.0,0.0,0.0,0.0,0.0,0.0,0.0,0.0
benevento,Gaich A.,FW,14,13.0,2.0,0.0,0.0,0.0,0.0,0.0,0.0,5.57,6.03,6.0
fiorentina,Brancolini F.,GK,1,0.0,0.0,0.0,0.0,0.0,0.0,0.0,0.0,0.0,0.0,0.0
verona,Veloso M.,MF,17,19.0,2.0,2.0,1.0,0.0,2.0,2.0,0.0,6.05,6.55,9.5
lazio,Reina P.,GK,11,29.0,0.0,0.0,1.0,0.0,0.0,0.0,0.0,6.03,4.6,-41.5
inter,Darmian M.,DF,19,22.0,3.0,3.0,4.0,0.0,0.0,0.0,0.0,6.18,6.84,14.5
lazio,Marusic A.,DF,12,36.0,2.0,3.0,3.0,0.0,0.0,0.0,0.0,5.79,6.02,8.3
roma,Smalling C.,DF,17,14.0,0.0,1.0,3.0,0.0,0.0,0.0,0.0,6.1,6.07,-0.4
benevento,Sau M.,FW,17,20.0,4.0,2.0,0.0,1.0,1.0,1.0,0.0,5.85,6.5,13.0
juventus,Rabiot A.,MF,18,33.0,4.0,1.0,5.0,1.0,0.0,0.0,0.0,5.9,6.31,13.5
lazio,Escalante G.,MF,8,18.0,0.0,0.0,5.0,0.0,0.0,0.0,0.0,5.8,5.66,-2.5
inter,Vidal A.,MF,20,20.0,1.0,0.0,3.0,0.0,0.0,0.0,0.0,6.05,6.17,2.4
udinese,Okaka S.,FW,17,22.0,4.0,1.0,2.0,0.0,0.0,0.0,0.0,5.81,6.36,12.1
verona,Favilli A.,FW,13,10.0,2.0,0.0,1.0,0.0,0.0,0.0,0.0,5.75,6.3,5.5
spezia,Ramos J.,DF,3,4.0,0.0,0.0,1.0,0.0,0.0,0.0,0.0,5.87,5.75,-0.5
milan,Castillejo S.,T,13,24.0,1.0,0.0,3.0,0.0,0.0,0.0,0.0,5.87,5.97,2.4
udinese,Micin P.,T,2,0.0,0.0,0.0,0.0,0.0,0.0,0.0,0.0,0.0,0.0,0.0
fiorentina,Martinez Quarta L.,DF,10,19.0,1.0,0.0,4.0,1.0,0.0,0.0,0.0,5.78,5.86,1.5
napoli,Insigne L.,T,39,34.0,19.0,7.0,2.0,1.0,8.0,7.0,1.0,6.37,8.05,58.8
verona,Benassi M.,MF,13,0.0,0.0,0.0,0.0,0.0,0.0,0.0,0.0,0.0,0.0,0.0
napoli,Petagna A.,FW,20,16.0,4.0,3.0,0.0,0.0,0.0,0.0,0.0,5.93,6.87,15.0
verona,Amione B.,DF,2,0.0,0.0,0.0,0.0,0.0,0.0,0.0,0.0,0.0,0.0,0.0
genoa,Rovella N.,MF,7,18.0,0.0,2.0,4.0,0.0,0.0,0.0,0.0,6.05,6.05,0.0
sampdoria,Torregrossa E.,FW,16,4.0,1.0,0.0,0.0,0.0,0.0,0.0,0.0,6.0,6.75,3.0
milan,Maldini D.,T,1,0.0,0.0,0.0,0.0,0.0,0.0,0.0,0.0,0.0,0.0,0.0
spezia,Ismajli A.,DF,10,16.0,1.0,1.0,1.0,1.0,0.0,0.0,0.0,6.0,6.25,4.0
inter,Young A.,DF,19,22.0,1.0,4.0,4.0,0.0,0.0,0.0,0.0,6.11,6.4,6.4
spezia,Marchizza R.,DF,7,21.0,0.0,2.0,4.0,0.0,0.0,0.0,0.0,5.71,5.71,0.0
crotone,Pereira P.,DF,7,34.0,0.0,4.0,6.0,0.0,0.0,0.0,0.0,5.58,5.61,1.0
sassuolo,Muldur M.,DF,10,27.0,0.0,0.0,2.0,0.0,0.0,0.0,0.0,5.9,5.87,-0.8
juventus,Chiesa F.,T,31,30.0,9.0,5.0,3.0,1.0,0.0,0.0,0.0,6.41,7.7,38.7
verona,Ruegg K.,DF,7,6.0,0.0,0.0,0.0,0.0,0.0,0.0,0.0,5.75,5.75,0.0
verona,Bessa D.,T,11,13.0,0.0,2.0,1.0,0.0,0.0,0.0,0.0,6.0,6.11,1.4
juventus,Morata A.,FW,29,30.0,11.0,7.0,3.0,1.0,1.0,1.0,0.0,6.05,7.3,37.5
udinese,Ouwejan T.,DF,8,9.0,0.0,2.0,0.0,0.0,0.0,0.0,0.0,5.83,6.05,2.0
milan,Saelemaekers A.,T,14,31.0,2.0,3.0,5.0,1.0,0.0,0.0,0.0,6.0,6.24,7.4
genoa,Behrami V.,MF,7,21.0,0.0,0.0,1.0,1.0,0.0,0.0,0.0,5.75,5.68,-1.5
sassuolo,Ferrari G.,DF,13,34.0,0.0,2.0,7.0,0.0,0.0,0.0,0.0,6.05,6.01,-1.4
parma,Cyprien W.,MF,12,10.0,0.0,0.0,2.0,0.0,0.0,0.0,0.0,5.5,5.4,-1.0
verona,Dimarco F.,DF,21,35.0,5.0,3.0,6.0,0.0,0.0,0.0,0.0,6.27,6.91,22.4
atalanta,Hateboer H.,DF,17,22.0,2.0,1.0,3.0,0.0,0.0,0.0,0.0,6.2,6.59,8.6
crotone,Dragus D.,FW,5,5.0,0.0,0.0,0.0,0.0,0.0,0.0,0.0,5.2,5.2,0.0
sampdoria,Silva A.,MF,12,22.0,1.0,1.0,5.0,1.0,0.0,0.0,0.0,5.84,5.91,1.6
crotone,Petriccione J.,MF,6,15.0,0.0,0.0,5.0,1.0,0.0,0.0,0.0,5.73,5.5,-3.5
milan,Rebic A.,T,35,26.0,11.0,4.0,4.0,1.0,0.0,0.0,0.0,6.09,7.4,34.1
torino,Zaza S.,FW,11,27.0,6.0,0.0,4.0,0.0,0.0,0.0,0.0,5.46,6.05,16.0
roma,Diawara A.,MF,11,10.0,1.0,0.0,2.0,1.0,0.0,0.0,0.0,5.6,5.8,2.0
bologna,Antov V.,DF,6,4.0,0.0,0.0,1.0,0.0,0.0,0.0,0.0,5.87,5.75,-0.5
fiorentina,Vlahovic D.,FW,37,36.0,21.0,2.0,1.0,0.0,6.0,6.0,0.0,6.13,7.93,64.8
bologna,Svanberg M.,MF,17,32.0,5.0,2.0,6.0,1.0,0.0,0.0,0.0,5.96,6.53,18.3
benevento,Caprari G.,T,16,29.0,5.0,6.0,3.0,1.0,1.0,0.0,1.0,5.82,6.36,15.6
genoa,Perin M.,GK,17,32.0,0.0,0.0,1.0,1.0,0.0,0.0,0.0,6.23,4.81,-45.5
parma,Bani M.,DF,8,26.0,0.0,0.0,10.0,0.0,0.0,0.0,0.0,5.73,5.53,-5.2
juventus,Chiellini G.,DF,13,16.0,0.0,0.0,4.0,0.0,0.0,0.0,0.0,6.09,5.84,-4.0
cagliari,Tripaldelli A.,DF,3,6.0,0.0,0.0,1.0,0.0,0.0,0.0,0.0,5.66,5.58,-0.5
sassuolo,Bourabia M.,MF,10,11.0,1.0,0.0,1.0,0.0,0.0,0.0,0.0,6.0,6.31,3.4
torino,Verdi S.,T,12,32.0,1.0,5.0,6.0,0.0,0.0,0.0,0.0,5.6,5.79,6.1
sassuolo,Djuricic F.,T,19,30.0,5.0,3.0,5.0,0.0,1.0,1.0,0.0,6.0,6.68,20.4
udinese,Musso J.,GK,14,35.0,0.0,0.0,5.0,0.0,0.0,0.0,0.0,6.12,4.6,-53.2
atalanta,Malinovskiy R.,T,34,32.0,8.0,11.0,3.0,0.0,1.0,1.0,0.0,6.32,7.62,41.6
atalanta,Romero C.,DF,17,31.0,2.0,2.0,10.0,0.0,0.0,0.0,0.0,6.43,6.62,5.9
napoli,Ruiz F.,MF,20,32.0,3.0,0.0,1.0,0.0,0.0,0.0,0.0,5.96,6.32,11.5
parma,Colombi S.,GK,1,2.0,0.0,0.0,0.0,0.0,0.0,0.0,0.0,6.25,2.75,-7.0
atalanta,Pasalic M.,MF,28,20.0,6.0,1.0,1.0,0.0,0.0,0.0,0.0,6.1,7.32,24.4
sassuolo,Magnanelli F.,MF,6,7.0,0.0,0.0,2.0,0.0,0.0,0.0,0.0,5.64,5.5,-1.0
cagliari,Pereiro G.,T,15,7.0,2.0,1.0,0.0,0.0,0.0,0.0,0.0,5.64,6.64,7.0
milan,Kjaer S.,DF,15,28.0,0.0,1.0,3.0,0.0,0.0,0.0,0.0,6.32,6.3,-0.6
sampdoria,Ravaglia N.,GK,1,0.0,0.0,0.0,0.0,0.0,0.0,0.0,0.0,0.0,0.0,0.0
roma,Karsdorp R.,DF,13,34.0,1.0,6.0,2.0,0.0,0.0,0.0,0.0,5.95,6.23,9.5
atalanta,Sutalo B.,DF,5,4.0,0.0,0.0,0.0,0.0,0.0,0.0,0.0,5.87,5.87,0.0
parma,Man D.,T,15,11.0,2.0,1.0,1.0,0.0,0.0,0.0,0.0,5.72,6.31,6.5
juventus,Kulusevski D.,T,21,33.0,4.0,3.0,7.0,0.0,0.0,0.0,0.0,6.06,6.53,15.5
sampdoria,Ferrari A.,DF,5,10.0,0.0,0.0,3.0,0.0,0.0,0.0,0.0,5.75,5.6,-1.5
bologna,Mbaye I.,DF,8,7.0,1.0,0.0,2.0,0.0,0.0,0.0,0.0,5.71,6.21,3.5
milan,Tonali S.,MF,11,22.0,0.0,0.0,1.0,1.0,0.0,0.0,0.0,5.7,5.63,-1.5
bologna,Barrow M.,FW,21,38.0,8.0,8.0,0.0,0.0,1.0,0.0,1.0,5.76,6.52,28.9
spezia,Saponara R.,T,16,8.0,2.0,0.0,0.0,1.0,0.0,0.0,0.0,6.0,6.87,7.0
crotone,Festa M.,GK,2,1.0,0.0,0.0,0.0,0.0,0.0,0.0,0.0,7.0,6.0,-1.0
atalanta,Ruggeri M.,DF,2,3.0,0.0,0.0,0.0,0.0,0.0,0.0,0.0,5.5,5.5,0.0
milan,Meite S.,MF,9,26.0,1.0,1.0,1.0,0.0,0.0,0.0,0.0,5.71,5.88,4.4
inter,Hakimi A.,DF,29,35.0,7.0,8.0,6.0,0.0,0.0,0.0,0.0,6.38,7.42,36.4
spezia,Piccoli R.,FW,14,14.0,5.0,0.0,0.0,0.0,0.0,0.0,0.0,5.92,7.0,15.1
udinese,Molina N.,DF,13,24.0,2.0,3.0,1.0,0.0,0.0,0.0,0.0,5.89,6.37,11.5
napoli,Zielinski P.,MF,28,34.0,8.0,8.0,2.0,0.0,0.0,0.0,0.0,6.22,7.36,38.7
roma,Santon D.,DF,5,10.0,0.0,0.0,3.0,0.0,0.0,0.0,0.0,5.7,5.55,-1.5
spezia,Provedel I.,GK,10,29.0,0.0,0.0,1.0,0.0,0.0,0.0,0.0,6.13,4.32,-52.5
torino,Ujkani S.,GK,2,1.0,0.0,0.0,0.0,0.0,0.0,0.0,0.0,6.0,5.0,-1.0
benevento,Schiattarella P.,MF,10,28.0,1.0,1.0,14.0,1.0,0.0,0.0,0.0,6.05,5.94,-3.1
juventus,Ramsey A.,MF,18,20.0,2.0,3.0,2.0,0.0,0.0,0.0,0.0,5.97,6.47,10.0
crotone,Cigarini L.,MF,9,13.0,0.0,0.0,3.0,1.0,0.0,0.0,0.0,6.11,5.92,-2.4
sampdoria,Avogadri L.,GK,1,0.0,0.0,0.0,0.0,0.0,0.0,0.0,0.0,0.0,0.0,0.0
cagliari,Ceppitelli L.,DF,11,19.0,0.0,0.0,3.0,0.0,0.0,0.0,0.0,6.05,5.97,-1.6
napoli,Di Lorenzo G.,DF,19,36.0,3.0,3.0,11.0,0.0,0.0,0.0,0.0,6.0,6.3,10.8
bologna,Poli A.,MF,13,9.0,1.0,0.0,1.0,0.0,0.0,0.0,0.0,5.72,5.88,1.4
bologna,Vergani E.,FW,1,0.0,0.0,0.0,0.0,0.0,0.0,0.0,0.0,0.0,0.0,0.0
sassuolo,Peluso F.,DF,3,3.0,0.0,0.0,1.0,0.0,0.0,0.0,0.0,5.66,5.5,-0.5
lazio,Muriqi V.,FW,11,21.0,1.0,0.0,1.0,0.0,0.0,0.0,0.0,5.28,5.4,2.5
milan,Bennacer I.,MF,12,21.0,0.0,1.0,4.0,0.0,0.0,0.0,0.0,5.95,5.9,-1.1
juventus,Danilo -.,DF,14,34.0,1.0,4.0,6.0,0.0,0.0,0.0,0.0,6.05,6.22,5.8
cagliari,Marin R.,MF,17,36.0,3.0,5.0,6.0,0.0,0.0,0.0,0.0,5.95,6.34,14.0
cagliari,Luvumbo Z.,T,1,0.0,0.0,0.0,0.0,0.0,0.0,0.0,0.0,0.0,0.0,0.0
verona,Berardi A.,GK,3,1.0,0.0,0.0,0.0,0.0,0.0,0.0,0.0,6.5,6.5,0.0
torino,Mandragora R.,MF,16,26.0,3.0,1.0,3.0,1.0,0.0,0.0,0.0,6.18,6.57,10.5
fiorentina,Pezzella G.,DF,10,32.0,1.0,0.0,5.0,0.0,0.0,0.0,0.0,5.7,5.76,1.9
roma,Mancini G.,DF,18,33.0,4.0,2.0,10.0,0.0,0.0,0.0,0.0,6.06,6.51,14.8
roma,El Shaarawy S.,T,17,10.0,1.0,0.0,1.0,0.0,0.0,0.0,0.0,5.65,5.9,2.5
torino,Sirigu S.,GK,10,32.0,0.0,0.0,0.0,0.0,0.0,0.0,0.0,6.0,4.06,-62.1
atalanta,Rossi F.,GK,1,0.0,0.0,0.0,0.0,0.0,0.0,0.0,0.0,0.0,0.0,0.0
milan,Ibrahimovic Z.,FW,38,18.0,15.0,2.0,2.0,1.0,6.0,3.0,3.0,6.5,8.5,36.0
roma,Juan Jesus G.,DF,4,4.0,0.0,0.0,0.0,0.0,0.0,0.0,0.0,5.75,5.75,0.0
cagliari,Rog M.,MF,13,13.0,0.0,0.0,2.0,0.0,0.0,0.0,0.0,5.96,5.88,-1.1
juventus,Mckennie W.,MF,19,33.0,5.0,2.0,5.0,0.0,0.0,0.0,0.0,6.13,6.72,19.5
cagliari,Godin D.,DF,14,28.0,1.0,0.0,3.0,0.0,0.0,0.0,0.0,5.91,6.01,2.8
bologna,Sansone N.,T,15,21.0,2.0,2.0,1.0,0.0,0.0,0.0,0.0,5.95,6.3,7.3
crotone,Rispoli A.,DF,6,15.0,0.0,0.0,4.0,0.0,0.0,0.0,0.0,5.6,5.46,-2.1
torino,Buongiorno A.,DF,4,12.0,0.0,0.0,4.0,0.0,0.0,0.0,0.0,6.0,5.83,-2.0
cagliari,Pavoletti L.,FW,19,23.0,4.0,2.0,7.0,0.0,0.0,0.0,0.0,6.1,6.56,10.6
sampdoria,Gabbiadini M.,FW,23,16.0,3.0,2.0,1.0,0.0,1.0,1.0,0.0,6.15,6.81,10.6
verona,Pandur I.,GK,4,4.0,0.0,0.0,0.0,0.0,0.0,0.0,0.0,6.12,4.62,-6.0
sampdoria,Letica K.,GK,3,1.0,0.0,0.0,0.0,0.0,0.0,0.0,0.0,6.5,6.5,0.0
udinese,Zeegelaar M.,DF,7,24.0,1.0,0.0,6.0,0.0,0.0,0.0,0.0,5.62,5.68,1.4
sassuolo,Defrel G.,FW,15,28.0,3.0,2.0,1.0,0.0,0.0,0.0,0.0,5.82,6.19,10.3
parma,Balogh B.,DF,1,2.0,0.0,0.0,1.0,0.0,0.0,0.0,0.0,5.5,5.33,-0.5
crotone,Cordaz A.,GK,5,36.0,0.0,0.0,1.0,0.0,0.0,0.0,0.0,6.06,3.52,-91.5
napoli,Contini N.,GK,2,0.0,0.0,0.0,0.0,0.0,0.0,0.0,0.0,0.0,0.0,0.0
verona,Lovato M.,DF,6,22.0,0.0,0.0,5.0,0.0,0.0,0.0,0.0,5.9,5.79,-2.4
bologna,Hickey A.,DF,5,11.0,0.0,0.0,3.0,1.0,0.0,0.0,0.0,5.86,5.63,-2.6
spezia,Capradossi E.,DF,4,1.0,0.0,0.0,0.0,0.0,0.0,0.0,0.0,7.0,7.0,0.0
parma,Cornelius A.,FW,15,29.0,1.0,4.0,4.0,0.0,0.0,0.0,0.0,5.63,5.81,5.2
parma,Grassi A.,MF,6,21.0,0.0,0.0,3.0,0.0,0.0,0.0,0.0,5.66,5.5,-3.4
benevento,Insigne R.,T,12,28.0,2.0,4.0,2.0,0.0,0.0,0.0,0.0,5.69,6.01,9.0
sassuolo,Kyriakopoulos G.,DF,11,21.0,1.0,0.0,1.0,1.0,0.0,0.0,0.0,5.88,6.02,2.9
cagliari,Joao Pedro G.,T,31,37.0,16.0,3.0,4.0,0.0,5.0,4.0,1.0,6.09,7.33,45.9
sampdoria,Tonelli L.,DF,9,22.0,1.0,0.0,11.0,0.0,0.0,0.0,0.0,5.88,5.84,-0.9
atalanta,Sportiello M.,GK,11,15.0,0.0,0.0,0.0,0.0,0.0,0.0,0.0,6.2,5.0,-18.0
genoa,Pjaca M.,T,12,29.0,3.0,2.0,0.0,0.0,0.0,0.0,0.0,5.6,5.98,11.0
parma,Conti A.,DF,9,9.0,0.0,0.0,3.0,0.0,0.0,0.0,0.0,5.44,5.27,-1.6
sassuolo,Locatelli M.,MF,21,34.0,4.0,1.0,9.0,0.0,2.0,2.0,0.0,6.36,6.73,12.6
spezia,Sena L.,MF,7,14.0,0.0,0.0,0.0,0.0,0.0,0.0,0.0,5.89,5.89,0.0
genoa,Onguene J.,DF,9,3.0,0.0,0.0,0.0,0.0,0.0,0.0,0.0,5.16,5.16,0.0
lazio,Correa C.,T,27,28.0,8.0,3.0,1.0,1.0,1.0,1.0,0.0,5.91,6.82,25.5
lazio,Anderson D.,MF,3,2.0,0.0,0.0,0.0,0.0,0.0,0.0,0.0,5.25,5.25,0.0
genoa,Zajc M.,T,13,31.0,1.0,3.0,4.0,0.0,0.0,0.0,0.0,5.83,6.0,5.3
genoa,Scamacca G.,FW,22,26.0,8.0,2.0,1.0,0.0,2.0,2.0,0.0,6.11,7.01,23.4
atalanta,De Roon M.,MF,18,35.0,1.0,1.0,7.0,1.0,0.0,0.0,0.0,6.45,6.47,0.7
genoa,Paleari A.,GK,3,3.0,0.0,0.0,0.0,0.0,0.0,0.0,0.0,6.0,5.0,-3.0
benevento,Pastina C.,DF,2,3.0,0.0,1.0,1.0,0.0,0.0,0.0,0.0,5.66,5.83,0.5
sassuolo,Lopez M.,MF,14,27.0,2.0,0.0,7.0,0.0,0.0,0.0,0.0,6.01,6.18,4.6
inter,Gagliardini R.,MF,17,21.0,3.0,2.0,2.0,0.0,0.0,0.0,0.0,6.07,6.69,13.0
milan,Diaz B.,T,20,24.0,4.0,3.0,2.0,0.0,0.0,0.0,0.0,6.12,6.87,18.0
spezia,Maggiore G.,MF,18,33.0,3.0,1.0,3.0,0.0,0.0,0.0,0.0,6.16,6.51,11.5
atalanta,Djimsiti B.,DF,16,33.0,0.0,2.0,8.0,0.0,0.0,0.0,0.0,6.4,6.34,-2.0
napoli,Lozano H.,T,26,32.0,11.0,3.0,6.0,0.0,0.0,0.0,0.0,6.26,7.29,33.0
atalanta,Gollini P.,GK,20,25.0,0.0,0.0,0.0,1.0,0.0,0.0,0.0,6.24,5.4,-21.0
benevento,Lapadula G.,FW,22,36.0,8.0,2.0,2.0,0.0,1.0,0.0,1.0,5.9,6.51,22.0
udinese,De Paul R.,T,32,36.0,9.0,7.0,3.0,2.0,3.0,3.0,0.0,6.54,7.63,39.3
crotone,Messias J.,T,24,36.0,9.0,3.0,6.0,0.0,0.0,0.0,0.0,6.33,7.08,27.0
spezia,Dellorco C.,DF,6,6.0,0.0,0.0,0.0,0.0,0.0,0.0,0.0,5.58,5.58,0.0
bologna,Soumaoro A.,DF,11,20.0,1.0,0.0,4.0,0.0,0.0,0.0,0.0,6.0,6.12,2.4
bologna,Danilo L.,DF,9,35.0,0.0,1.0,8.0,0.0,0.0,0.0,0.0,5.81,5.72,-3.2
lazio,Musacchio M.,DF,8,4.0,0.0,0.0,1.0,0.0,0.0,0.0,0.0,6.12,6.0,-0.5
juventus,Bonucci L.,DF,16,25.0,2.0,0.0,3.0,0.0,0.0,0.0,0.0,5.9,6.2,7.5
benevento,Montipo L.,GK,10,37.0,0.0,0.0,3.0,0.0,0.0,0.0,0.0,6.01,4.02,-73.7
napoli,Mario Rui S.,DF,10,23.0,0.0,1.0,3.0,0.0,0.0,0.0,0.0,5.84,5.82,-0.4
sampdoria,Askildsen K.,MF,4,3.0,0.0,0.0,1.0,0.0,0.0,0.0,0.0,6.0,5.83,-0.5
spezia,Erlic M.,DF,15,23.0,3.0,1.0,6.0,0.0,0.0,0.0,0.0,5.95,6.45,11.5
parma,Laurini V.,DF,5,12.0,0.0,0.0,1.0,0.0,0.0,0.0,0.0,5.54,5.5,-0.5
lazio,Acerbi F.,DF,13,32.0,0.0,1.0,7.0,1.0,0.0,0.0,0.0,6.04,5.93,-3.5
lazio,Armini N.,DF,1,0.0,0.0,0.0,0.0,0.0,0.0,0.0,0.0,0.0,0.0,0.0
napoli,Osimhen V.,FW,33,24.0,10.0,2.0,4.0,0.0,0.0,0.0,0.0,6.37,7.62,30.0
udinese,De Maio S.,DF,8,11.0,0.0,0.0,0.0,0.0,0.0,0.0,0.0,5.77,5.77,0.0
inter,Perisic I.,T,19,31.0,4.0,1.0,3.0,0.0,0.0,0.0,0.0,5.83,6.2,11.5
bologna,Skov Olsen A.,T,12,23.0,2.0,2.0,1.0,0.0,0.0,0.0,0.0,5.84,6.17,7.6
roma,Mirante A.,GK,9,13.0,0.0,0.0,2.0,0.0,0.0,0.0,0.0,6.11,4.8,-17.0
udinese,Forestieri F.,FW,11,15.0,1.0,0.0,1.0,0.0,0.0,0.0,0.0,5.71,5.93,3.5
roma,Mkhitaryan H.,T,36,34.0,13.0,10.0,2.0,0.0,1.0,1.0,0.0,6.38,8.17,60.9
torino,Gojak A.,T,11,12.0,1.0,1.0,1.0,0.0,0.0,0.0,0.0,5.7,6.08,4.6
sassuolo,Ayhan K.,DF,8,13.0,0.0,0.0,2.0,0.0,0.0,0.0,0.0,5.73,5.65,-1.0
inter,Kolarov A.,DF,19,4.0,0.0,1.0,0.0,0.0,0.0,0.0,0.0,5.25,5.5,1.0
juventus,Bernardeschi F.,T,12,20.0,0.0,2.0,2.0,0.0,0.0,0.0,0.0,5.75,5.8,1.0
crotone,Henrique E.,MF,6,17.0,1.0,0.0,4.0,0.0,0.0,0.0,0.0,5.44,5.55,1.9
fiorentina,Kokorin A.,FW,14,3.0,0.0,0.0,1.0,0.0,0.0,0.0,0.0,5.16,5.0,-0.5
crotone,Magallan L.,DF,7,28.0,1.0,1.0,10.0,0.0,0.0,0.0,0.0,5.44,5.46,0.6
genoa,Masiello A.,DF,9,30.0,0.0,0.0,6.0,0.0,0.0,0.0,0.0,5.81,5.71,-3.0
sassuolo,Toljan J.,DF,8,23.0,0.0,2.0,2.0,0.0,0.0,0.0,0.0,5.65,5.69,0.9
fiorentina,Terracciano P.,GK,7,4.0,0.0,0.0,0.0,0.0,0.0,0.0,0.0,6.37,6.12,-1.0
juventus,Frabotta G.,DF,4,8.0,0.0,1.0,2.0,0.0,0.0,0.0,0.0,5.56,5.56,0.0
genoa,Badelj M.,MF,15,29.0,1.0,2.0,7.0,0.0,0.0,0.0,0.0,6.12,6.2,2.3
cagliari,Vicario G.,GK,5,4.0,0.0,0.0,0.0,0.0,0.0,0.0,0.0,6.5,5.0,-6.0
verona,Colley E.,T,11,18.0,1.0,0.0,1.0,0.0,0.0,0.0,0.0,5.91,6.05,2.5
inter,De Vrij S.,DF,20,32.0,1.0,0.0,2.0,0.0,0.0,0.0,0.0,6.31,6.42,3.5
crotone,Luperto S.,DF,4,22.0,0.0,0.0,3.0,1.0,0.0,0.0,0.0,5.43,5.31,-2.7
fiorentina,Callejon J.,T,14,13.0,0.0,1.0,0.0,0.0,0.0,0.0,0.0,5.46,5.53,0.9
genoa,Zima L.,GK,1,0.0,0.0,0.0,0.0,0.0,0.0,0.0,0.0,0.0,0.0,0.0
roma,Boer P.,GK,1,0.0,0.0,0.0,0.0,0.0,0.0,0.0,0.0,0.0,0.0,0.0
roma,Farelli S.,GK,1,0.0,0.0,0.0,0.0,0.0,0.0,0.0,0.0,0.0,0.0,0.0
parma,Busi M.,DF,5,19.0,0.0,1.0,3.0,0.0,0.0,0.0,0.0,5.34,5.31,-0.6
inter,Bastoni A.,DF,15,33.0,0.0,2.0,6.0,0.0,0.0,0.0,0.0,6.13,6.1,-1.0
lazio,Hoedt W.,DF,5,12.0,0.0,0.0,6.0,0.0,0.0,0.0,0.0,5.29,5.04,-3.0
crotone,Ounas A.,T,23,20.0,4.0,4.0,1.0,0.0,0.0,0.0,0.0,6.27,7.05,15.6
sampdoria,Candreva A.,MF,21,33.0,5.0,7.0,1.0,0.0,2.0,2.0,0.0,6.01,6.81,26.4
spezia,Agudelo K.,MF,12,27.0,1.0,1.0,4.0,0.0,0.0,0.0,0.0,6.01,6.12,2.9
spezia,Ferrer S.,DF,6,16.0,0.0,1.0,4.0,0.0,0.0,0.0,0.0,5.78,5.71,-1.1
parma,Inglese R.,FW,14,13.0,0.0,2.0,2.0,0.0,0.0,0.0,0.0,5.57,5.65,1.1
napoli,Ospina D.,GK,20,16.0,0.0,1.0,2.0,0.0,0.0,0.0,0.0,6.0,5.25,-12.0
sassuolo,Pegolo G.,GK,2,1.0,0.0,0.0,0.0,0.0,0.0,0.0,0.0,6.0,6.0,0.0
fiorentina,Kouame C.,FW,13,22.0,1.0,1.0,2.0,0.0,0.0,0.0,0.0,5.63,5.77,3.0
udinese,Nuytinck B.,DF,15,19.0,1.0,0.0,1.0,0.0,0.0,0.0,0.0,6.31,6.52,4.0
crotone,Marrone L.,DF,5,19.0,0.0,0.0,8.0,0.0,0.0,0.0,0.0,5.6,5.28,-6.1
fiorentina,Barreca A.,DF,5,2.0,0.0,0.0,0.0,0.0,0.0,0.0,0.0,5.75,5.75,0.0
parma,Pezzella G.,DF,11,24.0,1.0,4.0,7.0,0.0,0.0,0.0,0.0,5.91,6.12,5.1
spezia,Nzola M.,FW,23,25.0,11.0,3.0,5.0,0.0,4.0,4.0,0.0,6.04,7.38,33.5
benevento,Letizia G.,DF,15,22.0,3.0,1.0,2.0,0.0,0.0,0.0,0.0,6.09,6.7,13.4
genoa,Pandev G.,FW,22,28.0,7.0,3.0,5.0,0.0,1.0,1.0,0.0,5.87,6.64,21.5
fiorentina,Igor Julio d.,DF,8,18.0,0.0,0.0,5.0,0.0,0.0,0.0,0.0,5.88,5.75,-2.3
roma,Spinazzola L.,DF,19,26.0,2.0,4.0,0.0,0.0,0.0,0.0,0.0,6.26,6.69,11.1
sampdoria,Damsgaard M.,T,14,30.0,2.0,3.0,3.0,0.0,0.0,0.0,0.0,5.98,6.3,9.6
genoa,Czyborra L.,DF,9,16.0,1.0,0.0,2.0,0.0,0.0,0.0,0.0,5.78,6.0,3.5
genoa,Strootman K.,MF,14,18.0,0.0,3.0,7.0,0.0,0.0,0.0,0.0,6.11,6.08,-0.6
juventus,Fagioli N.,MF,1,1.0,0.0,0.0,0.0,0.0,0.0,0.0,0.0,6.0,6.0,0.0
crotone,Zanellato N.,MF,7,22.0,1.0,1.0,1.0,0.0,0.0,0.0,0.0,5.52,5.72,4.4
atalanta,Caldara M.,DF,9,3.0,0.0,0.0,1.0,0.0,0.0,0.0,0.0,5.66,5.5,-0.5
sampdoria,Augello T.,DF,12,37.0,1.0,3.0,2.0,1.0,0.0,0.0,0.0,5.9,6.05,5.6
napoli,Koulibaly K.,DF,15,25.0,0.0,0.0,8.0,1.0,0.0,0.0,0.0,6.12,5.92,-5.0
torino,Baselli D.,MF,11,10.0,0.0,0.0,2.0,0.0,0.0,0.0,0.0,5.8,5.7,-1.0
juventus,Demiral M.,DF,12,11.0,0.0,1.0,1.0,0.0,0.0,0.0,0.0,5.86,5.9,0.4
fiorentina,Castrovilli G.,MF,16,32.0,5.0,3.0,8.0,1.0,0.0,0.0,0.0,5.85,6.42,18.2
crotone,Benali A.,MF,12,17.0,0.0,1.0,2.0,0.0,0.0,0.0,0.0,5.94,5.94,0.0
cagliari,Deiola A.,MF,8,16.0,0.0,0.0,3.0,0.0,0.0,0.0,0.0,5.73,5.64,-1.5
spezia,Agoume L.,MF,7,10.0,0.0,0.0,2.0,0.0,0.0,0.0,0.0,6.2,6.1,-1.0
crotone,Golemic V.,DF,5,28.0,2.0,0.0,4.0,1.0,1.0,1.0,0.0,5.3,5.51,5.9
spezia,Ricci M.,MF,10,28.0,0.0,1.0,5.0,0.0,0.0,0.0,0.0,5.98,5.92,-1.6
udinese,Makengo J.,MF,8,13.0,0.0,0.0,1.0,0.0,0.0,0.0,0.0,5.76,5.73,-0.4
udinese,Samir C.,DF,11,28.0,1.0,0.0,6.0,0.0,0.0,0.0,0.0,5.96,6.01,1.4
napoli,Demme D.,MF,17,21.0,2.0,2.0,6.0,0.0,0.0,0.0,0.0,6.3,6.64,7.1
lazio,Lulic S.,DF,11,15.0,0.0,0.0,1.0,0.0,0.0,0.0,0.0,5.56,5.53,-0.4
sassuolo,Piccinini S.,DF,1,0.0,0.0,0.0,0.0,0.0,0.0,0.0,0.0,0.0,0.0,0.0
udinese,Larsen J.,DF,17,32.0,2.0,0.0,0.0,0.0,0.0,0.0,0.0,6.03,6.31,8.9
roma,Ibanez -.,DF,7,30.0,0.0,1.0,5.0,1.0,0.0,0.0,0.0,5.81,5.66,-4.5
napoli,Hysaj E.,DF,10,21.0,0.0,1.0,2.0,0.0,0.0,0.0,0.0,5.9,5.9,0.0
verona,Ilic I.,MF,11,27.0,2.0,0.0,2.0,0.0,0.0,0.0,0.0,5.98,6.24,7.0
sampdoria,Leris M.,MF,8,10.0,0.0,0.0,1.0,0.0,0.0,0.0,0.0,5.9,5.85,-0.5
genoa,Marchetti F.,GK,2,4.0,0.0,0.0,0.0,0.0,0.0,0.0,0.0,5.37,2.62,-11.0
genoa,Criscito D.,DF,17,22.0,1.0,0.0,6.0,0.0,1.0,1.0,0.0,6.04,6.11,1.5
milan,Calhanoglu H.,T,24,33.0,4.0,9.0,4.0,0.0,1.0,1.0,0.0,6.16,6.86,23.1
verona,Barak A.,MF,21,34.0,7.0,3.0,5.0,1.0,0.0,0.0,0.0,6.14,6.95,27.5
bologna,Palacio R.,FW,23,32.0,5.0,5.0,5.0,0.0,0.0,0.0,0.0,6.12,6.67,17.6
napoli,Mertens D.,FW,28,27.0,9.0,6.0,2.0,0.0,0.0,0.0,0.0,6.07,7.21,31.9
napoli,Politano M.,T,24,34.0,9.0,3.0,2.0,0.0,0.0,0.0,0.0,6.08,7.2,38.1
bologna,Breza S.,GK,1,0.0,0.0,0.0,0.0,0.0,0.0,0.0,0.0,0.0,0.0,0.0
sassuolo,Caputo F.,FW,32,24.0,11.0,3.0,1.0,0.0,3.0,3.0,0.0,5.91,7.39,35.6
atalanta,Lammers S.,FW,16,8.0,2.0,0.0,0.0,0.0,0.0,0.0,0.0,5.93,6.68,6.0
spezia,Acampora G.,MF,4,9.0,0.0,0.0,2.0,0.0,0.0,0.0,0.0,5.55,5.44,-1.0
juventus,Ronaldo C.,FW,47,33.0,29.0,2.0,3.0,0.0,8.0,6.0,2.0,6.34,8.81,81.5
fiorentina,Pulgar E.,MF,14,28.0,1.0,3.0,8.0,0.0,0.0,0.0,0.0,5.75,5.85,2.8
udinese,Palumbo M.,MF,1,0.0,0.0,0.0,0.0,0.0,0.0,0.0,0.0,0.0,0.0,0.0
sampdoria,Ramirez G.,T,13,22.0,0.0,2.0,5.0,0.0,0.0,0.0,0.0,5.79,5.77,-0.5
crotone,Molina S.,MF,9,29.0,1.0,2.0,1.0,0.0,0.0,0.0,0.0,5.77,5.89,3.5
parma,Gervinho,T,17,27.0,5.0,1.0,0.0,0.0,0.0,0.0,0.0,5.55,6.14,15.9
inter,Sanchez A.,FW,25,26.0,7.0,6.0,0.0,0.0,1.0,0.0,1.0,6.26,7.19,24.1
genoa,Biraschi D.,DF,7,13.0,0.0,0.0,2.0,0.0,0.0,0.0,0.0,5.65,5.57,-1.1
inter,Ranocchia A.,DF,9,8.0,0.0,1.0,2.0,0.0,0.0,0.0,0.0,6.25,6.25,0.0
cagliari,Simeone G.,FW,18,29.0,6.0,1.0,1.0,0.0,0.0,0.0,0.0,5.68,6.32,18.6
fiorentina,Ribery F.,T,21,29.0,2.0,6.0,6.0,1.0,0.0,0.0,0.0,6.1,6.37,7.8
atalanta,Gosens R.,DF,32,32.0,11.0,6.0,7.0,1.0,0.0,0.0,0.0,6.42,7.95,49.0
verona,Gunter K.,DF,10,24.0,0.0,1.0,4.0,0.0,0.0,0.0,0.0,6.0,5.95,-1.2
genoa,Cassata F.,MF,6,5.0,0.0,0.0,2.0,0.0,0.0,0.0,0.0,5.5,5.3,-1.0
benevento,Di Serio G.,FW,1,8.0,0.0,0.0,0.0,0.0,0.0,0.0,0.0,5.68,5.68,0.0
cagliari,Cerri A.,FW,10,11.0,1.0,0.0,1.0,0.0,0.0,0.0,0.0,5.81,6.04,2.5
parma,Pelle G.,FW,16,11.0,1.0,2.0,1.0,0.0,0.0,0.0,0.0,5.68,6.09,4.5
sassuolo,Schiappacasse N.,T,4,1.0,0.0,0.0,0.0,0.0,0.0,0.0,0.0,5.5,5.5,0.0
cagliari,Aresti S.,GK,1,0.0,0.0,0.0,0.0,0.0,0.0,0.0,0.0,0.0,0.0,0.0
torino,Belotti A.,FW,30,34.0,13.0,6.0,4.0,0.0,5.0,4.0,1.0,6.29,7.47,40.1
fiorentina,Malcuit K.,DF,7,5.0,0.0,0.0,0.0,0.0,0.0,0.0,0.0,5.33,5.33,0.0
torino,Rincon T.,MF,11,36.0,1.0,1.0,8.0,1.0,0.0,0.0,0.0,5.93,5.93,0.0
sampdoria,Jankto J.,MF,19,33.0,6.0,3.0,5.0,0.0,0.0,0.0,0.0,6.0,6.74,24.4
sassuolo,Rogerio O.,DF,9,25.0,0.0,0.0,4.0,0.0,0.0,0.0,0.0,5.96,5.88,-2.0
roma,Calafiori R.,DF,1,2.0,0.0,0.0,2.0,0.0,0.0,0.0,0.0,5.25,4.75,-1.0
parma,Kurtic J.,MF,13,34.0,4.0,0.0,5.0,0.0,0.0,0.0,0.0,5.63,6.02,13.3
milan,Mandzukic M.,FW,14,6.0,0.0,0.0,0.0,0.0,0.0,0.0,0.0,5.58,5.58,0.0
roma,Veretout J.,MF,28,28.0,10.0,1.0,4.0,0.0,5.0,5.0,0.0,6.25,7.64,38.9
lazio,Patric P.,DF,6,23.0,0.0,1.0,8.0,0.0,0.0,0.0,0.0,5.54,5.41,-3.0
roma,Peres B.,DF,12,26.0,1.0,2.0,6.0,0.0,0.0,0.0,0.0,5.8,5.94,3.6
sampdoria,Verre V.,T,16,20.0,3.0,3.0,3.0,0.0,0.0,0.0,0.0,6.02,6.66,13.5
roma,Dzeko E.,FW,25,25.0,7.0,3.0,2.0,0.0,1.0,0.0,1.0,5.98,6.78,20.0
crotone,Cuomo G.,DF,4,12.0,0.0,0.0,4.0,0.0,0.0,0.0,0.0,5.54,5.37,-2.1
spezia,Krapikas T.,GK,1,0.0,0.0,0.0,0.0,0.0,0.0,0.0,0.0,0.0,0.0,0.0
milan,Hernandez T.,DF,27,33.0,7.0,5.0,9.0,0.0,0.0,0.0,0.0,6.16,7.13,32.0
roma,Fazio F.,DF,11,5.0,1.0,0.0,2.0,0.0,0.0,0.0,0.0,5.6,6.3,3.5
torino,Lukic S.,MF,10,32.0,3.0,0.0,4.0,0.0,0.0,0.0,0.0,5.73,6.04,9.9
napoli,Maksimovic N.,DF,6,14.0,0.0,0.0,1.0,0.0,0.0,0.0,0.0,5.53,5.35,-2.5
sassuolo,Chiriches V.,DF,11,23.0,2.0,1.0,6.0,0.0,0.0,0.0,0.0,5.73,5.95,5.1
atalanta,Zapata D.,FW,37,37.0,15.0,7.0,0.0,0.0,1.0,1.0,0.0,6.21,7.62,52.1
crotone,Reca A.,DF,13,30.0,2.0,2.0,7.0,0.0,0.0,0.0,0.0,5.93,6.18,7.5
parma,Rinaldi F.,GK,1,0.0,0.0,0.0,0.0,0.0,0.0,0.0,0.0,0.0,0.0,0.0
torino,Singo W.,DF,9,27.0,1.0,2.0,2.0,1.0,0.0,0.0,0.0,5.96,6.12,4.3
crotone,Djidji K.,DF,8,18.0,1.0,0.0,4.0,0.0,0.0,0.0,0.0,5.63,5.77,2.6
inter,Dambrosio D.,DF,18,9.0,3.0,0.0,1.0,0.0,0.0,0.0,0.0,6.0,7.44,13.0
napoli,Meret A.,GK,13,22.0,0.0,0.0,0.0,0.0,0.0,0.0,0.0,6.11,4.79,-29.0
bologna,Tomiyasu T.,DF,13,31.0,2.0,0.0,4.0,0.0,0.0,0.0,0.0,5.98,6.14,4.9
torino,Ansaldi C.,DF,16,25.0,1.0,5.0,1.0,0.0,1.0,1.0,0.0,6.05,6.4,9.1
parma,Alves B.,DF,11,19.0,1.0,0.0,3.0,0.0,0.0,0.0,0.0,5.68,5.84,3.1
atalanta,Pessina M.,MF,19,26.0,2.0,1.0,2.0,0.0,0.0,0.0,0.0,6.32,6.63,8.1
spezia,Galabinov A.,FW,11,8.0,3.0,0.0,0.0,0.0,1.0,0.0,1.0,5.93,6.68,6.0
benevento,Hetemaj P.,MF,12,29.0,0.0,2.0,5.0,0.0,0.0,0.0,0.0,6.03,6.01,-0.6
fiorentina,Borja Valero I.,MF,11,9.0,0.0,0.0,3.0,0.0,0.0,0.0,0.0,5.85,5.7,-1.5
benevento,Improta R.,T,9,33.0,1.0,0.0,7.0,0.0,0.0,0.0,0.0,5.9,5.86,-1.3
roma,Lopez P.,GK,17,21.0,0.0,0.0,0.0,0.0,0.0,0.0,0.0,6.16,4.78,-29.0
sampdoria,Bereszynski B.,DF,12,31.0,1.0,0.0,2.0,0.0,0.0,0.0,0.0,5.95,6.06,3.4
benevento,Glik K.,DF,12,36.0,2.0,0.0,8.0,1.0,0.0,0.0,0.0,5.83,5.88,1.8
bologna,Dijks M.,DF,7,20.0,0.0,0.0,5.0,1.0,0.0,0.0,0.0,5.8,5.62,-3.6
spezia,Vignali L.,DF,4,21.0,0.0,0.0,4.0,1.0,0.0,0.0,0.0,5.54,5.4,-2.9
benevento,Depaoli F.,MF,7,20.0,0.0,0.0,2.0,0.0,0.0,0.0,0.0,5.57,5.42,-3.0
lazio,Pereira A.,T,10,16.0,1.0,1.0,5.0,1.0,0.0,0.0,0.0,5.58,5.72,2.6
cagliari,Duncan A.,MF,13,17.0,0.0,1.0,1.0,0.0,0.0,0.0,0.0,5.82,5.85,0.6
udinese,Braaf J.,T,5,4.0,1.0,0.0,0.0,0.0,0.0,0.0,0.0,5.87,6.62,3.0
atalanta,Maehle J.,DF,12,17.0,0.0,2.0,0.0,0.0,0.0,0.0,0.0,6.08,6.2,2.0
roma,Pastore J.,T,9,3.0,0.0,0.0,0.0,0.0,0.0,0.0,0.0,6.0,6.0,0.0
bologna,Skorupski L.,GK,13,28.0,0.0,0.0,1.0,0.0,0.0,0.0,0.0,6.1,4.66,-40.3
genoa,Destro M.,FW,21,25.0,11.0,1.0,5.0,0.0,0.0,0.0,0.0,6.0,7.26,31.5
torino,Murru N.,DF,6,12.0,0.0,0.0,0.0,0.0,0.0,0.0,0.0,5.7,5.7,0.0
parma,Sprocati M.,T,7,1.0,0.0,0.0,0.0,0.0,0.0,0.0,0.0,5.0,5.0,0.0
atalanta,Palomino J.,DF,18,31.0,1.0,1.0,3.0,0.0,0.0,0.0,0.0,6.33,6.46,4.1
spezia,Gyasi E.,T,16,36.0,4.0,6.0,4.0,0.0,0.0,0.0,0.0,5.83,6.27,15.8
torino,Nkoulou N.,DF,14,18.0,1.0,0.0,5.0,0.0,0.0,0.0,0.0,5.94,6.05,2.0
genoa,Zappacosta D.,DF,22,24.0,3.0,2.0,2.0,0.0,0.0,0.0,0.0,6.43,7.04,14.7
parma,Sohm S.,MF,6,16.0,1.0,0.0,1.0,0.0,0.0,0.0,0.0,5.52,5.73,3.6
napoli,Bakayoko T.,MF,15,26.0,2.0,0.0,4.0,1.0,0.0,0.0,0.0,6.05,6.25,5.2
cagliari,Zappa G.,DF,9,31.0,0.0,4.0,3.0,0.0,0.0,0.0,0.0,5.75,5.83,2.4
inter,Martinez L.,FW,33,38.0,17.0,3.0,5.0,0.0,2.0,2.0,0.0,6.44,7.8,51.7
milan,Donnarumma G.,GK,24,37.0,0.0,0.0,1.0,0.0,0.0,0.0,0.0,6.43,5.47,-35.5
spezia,Terzi C.,DF,9,23.0,1.0,1.0,7.0,1.0,0.0,0.0,0.0,5.77,5.81,0.9
juventus,Dybala P.,T,28,19.0,4.0,3.0,0.0,0.0,0.0,0.0,0.0,5.86,6.65,15.1
lazio,Milinkovic S.,MF,32,32.0,8.0,8.0,4.0,0.0,0.0,0.0,0.0,6.35,7.54,38.1
benevento,Lucatelli I.,GK,1,0.0,0.0,0.0,0.0,0.0,0.0,0.0,0.0,0.0,0.0,0.0
lazio,Akpa Akpro J.,MF,5,25.0,0.0,1.0,9.0,0.0,0.0,0.0,0.0,5.66,5.52,-3.5
milan,Donnarumma A.,GK,1,0.0,0.0,0.0,0.0,0.0,0.0,0.0,0.0,0.0,0.0,0.0
crotone,Simy -.,FW,32,37.0,20.0,2.0,1.0,0.0,8.0,8.0,0.0,5.87,7.54,61.8
